"0","# Create a summary table using your county reliability data"
"0","# Include: county name, median income, MOE percentage, reliability category"
"0",""
"0","recommendations <- county_reliability %>%"
"0","  select("
"0","    County = county_name,"
"0","    `Median Income` = med_hh_incomeE,"
"0","    `MOE %` = moe_percentage,"
"0","    `Reliability Category` = reliability"
"0","  ) %>%"
"0","  mutate("
"0","    Recommendation = case_when("
"0","      `Reliability Category` == ""High Confidence""     ~ ""Safe for algorithmic decisions"","
"0","      `Reliability Category` == ""Moderate Confidence"" ~ ""Use with caution â€“ monitor outcomes"","
"0","      `Reliability Category` == ""Low Confidence""      ~ ""Requires manual review or additional data"","
"0","      TRUE                                            ~ NA_character_"
"0","    )"
"0","  )"
"0",""
"0","# Add a new column with algorithm recommendations using case_when():"
"0","# - High Confidence: ""Safe for algorithmic decisions"""
"0","# - Moderate Confidence: ""Use with caution - monitor outcomes""  "
"0","# - Low Confidence: ""Requires manual review or additional data"""
"0",""
"0","# Format as a professional table with kable()"
"0",""
"0","kable("
"0","  recommendations %>%"
"0","    arrange(Recommendation, County),"
"0","  caption = ""Decision Framework for Algorithm Implementation (Arranged by Recommendation)"","
"0","  col.names = c(""County"", ""Median Income"", ""MOE %"", ""Reliability Category"", ""Recommendation""),"
"0","  digits = 2,"
"0","  format.args = list(big.mark = "","")"
"0",")"
